Health_Status,Count,Avg_Soil_Moisture,Avg_Ambient_Temperature,Avg_Humidity
High Stress,500,18.084599015867752,23.97510873118935,54.402479605859035
Moderate Stress,401,26.556399336647985,24.05334391948396,55.03370782216419
Healthy,299,34.9059732861571,23.96659098575052,55.36468726332454
